<appointments>
        
    <appointment>
                
        <firstName>Arvin</firstName>
                
        <lastName>Malaluan</lastName>
                
        <phoneNumber>09865476432</phoneNumber>
                
        <email>vin@email.com</email>
                
        <checkInDate>2024-03-03</checkInDate>
                
        <checkOutDate>2024-03-10</checkOutDate>
                
        <roomCapacity>5-12 pax</roomCapacity>
                
        <uniqueID>f678a766-1aab-49fd-91f6-6170994f626a</uniqueID>
            
    </appointment>
        
    <appointment>
                
        <firstName>Nichole</firstName>
                
        <lastName>Escano</lastName>
                
        <phoneNumber>09568905461</phoneNumber>
                
        <email>nichs@email.com</email>
                
        <checkInDate>2024-03-11</checkInDate>
                
        <checkOutDate>2024-03-16</checkOutDate>
                
        <roomCapacity>2-5 pax</roomCapacity>
                
        <uniqueID>f678a766-1aab-49fd-91f6-6170994f626a</uniqueID>
            
    </appointment>
        
    <appointment>
                
        <firstName>Minette</firstName>
                
        <lastName>Mandac</lastName>
                
        <phoneNumber>09765834532</phoneNumber>
                
        <email>minet@email.com</email>
                
        <checkInDate>2024-03-27</checkInDate>
                
        <checkOutDate>2024-03-30</checkOutDate>
                
        <roomCapacity>1-2 pax</roomCapacity>
                
        <uniqueID>f678a766-1aab-49fd-91f6-6170994f626a</uniqueID>
            
    </appointment>
        
    <appointment>
                
        <firstName>Shaine</firstName>
                
        <lastName>Razo</lastName>
                
        <phoneNumber>09768231456</phoneNumber>
                
        <email>shaine@email.com</email>
                
        <checkInDate>2024-04-01</checkInDate>
                
        <checkOutDate>2024-04-07</checkOutDate>
                
        <roomCapacity>2-5 pax</roomCapacity>
                
        <uniqueID>f678a766-1aab-49fd-91f6-6170994f626a</uniqueID>
            
    </appointment>
        
    <appointment>
                
        <firstName>Shane</firstName>
                
        <lastName>Usi</lastName>
                
        <phoneNumber>09567823145</phoneNumber>
                
        <email>shane@email.com</email>
                
        <checkInDate>2024-04-10</checkInDate>
                
        <checkOutDate>2024-04-13</checkOutDate>
                
        <roomCapacity>2-5 pax</roomCapacity>
                
        <uniqueID>f678a766-1aab-49fd-91f6-6170994f626a</uniqueID>
            
    </appointment>
    
    <appointment>
        <firstName>Lewis</firstName>
        <lastName>Hamilton</lastName>
        <phoneNumber>09678453217</phoneNumber>
        <email>lh@email.com</email>
        <checkInDate>2024-05-01</checkInDate>
        <checkOutDate>2024-05-14</checkOutDate>
        <roomCapacity>5-12 pax</roomCapacity>
        <uniqueID>f678a766-1aab-49fd-91f6-6170994f626a</uniqueID>
    </appointment>
</appointments>
